from_loc,pre_avg
"Dallas, TX",5127.022378262604
"Seattle, WA",5961.0996019974955
